Brenda Butler,54,7812191513,Female,45,Backbay Street,South Boston,Boston,15515
Lillian Brown,36,7812199899,Female,46,Fenway Street,South Boston,Boston,15515
Amy Howard,36,7812191513,Female,47,South Boston Street,South Boston,Boston,15515
Gregory Edwards,24,7812198989,Male,48,South Boston Street,South Boston,Boston,15515
Roy Griffin,26,7812191587,Male,49,Roxbury Street,Downtown,Boston,15515
Richard Mitchell,24,1234567897,Male,50,Backbay Street,Downtown,Boston,15515
Mary Wilson,50,7812191513,Female,51,South Boston Street,South Boston,Boston,15515
Aaron Price,48,7812199899,Male,52,Roxbury Street,South Boston,Boston,15515
Donna Brown,34,7812191513,Female,53,ChinaTown Street,Downtown,Boston,15515
Carl Collins,44,7812198989,Male,54,Backbay Street,Downtown,Boston,15515
Joyce Jenkins,56,7812191587,Female,55,Downtown Street,Downtown,Boston,15515
Mary Bryant,55,1234567897,Female,56,Roxbury Street,South Boston,Boston,15515
Amanda Hughes,35,7812191513,Other,57,Jamaica Plain Street,Downtown,Boston,15515
Jack Campbell,33,7812199899,Other,58,Roxbury Street,Downtown,Boston,15515
Alan Rivera,39,7812191513,Other,59,South Boston Street,South Boston,Boston,15515
Elizabeth Jackson,53,7812198989,Other,60,ChinaTown Street,Downtown,Boston,15515
Nancy Davis,34,7812191587,Female,61,Roxbury Street,South Boston,Boston,15515
Ernest Martinez,28,1234567897,Male,62,Backbay Street,South Boston,Boston,15515
Judy Hernandez,56,7812191513,Other,63,Roxbury Street,South Boston,Boston,15515
